E1_P1,ChatGPT,"The question of whether the state should restrict individual freedoms to increase public safety involves balancing two important values: personal liberty and collective security.

On one hand, certain restrictions on individual freedoms can be justified if they effectively prevent harm to others and promote the overall well-being of society. For example, laws requiring seatbelt use, prohibiting drunk driving, or mandating vaccinations during outbreaks are restrictions that enhance public safety and are generally accepted because they protect lives and reduce harm.

On the other hand, excessive or unjustified limitations on freedoms can undermine fundamental rights, lead to abuse of power, and erode trust in government. It is important that any restrictions be necessary, proportionate, and subject to oversight to prevent violations of civil liberties.

In summary, while the state may restrict individual freedoms to increase public safety, such measures should be carefully evaluated to ensure they are appropriate and balanced against the importance of preserving personal rights. The goal is to find a reasonable compromise that protects society without unnecessarily infringing on individual freedoms."
E2_P1,ChatGPT,"The question of whether it is morally acceptable to benefit the majority if it causes harm to a minority is a classic ethical dilemma that has been debated extensively in philosophy, ethics, and political theory. There is no universally agreed-upon answer, as perspectives vary depending on ethical frameworks and values.

Here are some key viewpoints:

1. **Utilitarianism**: This ethical theory suggests that the morally right action is the one that maximizes overall happiness or utility. From a utilitarian perspective, benefiting the majority—even if it causes harm to a minority—can be justified if the total benefit outweighs the harm. However, utilitarians also recognize the importance of minimizing suffering and may seek ways to reduce harm to minorities.

2. **Deontological Ethics**: Deontologists argue that certain actions are morally wrong regardless of the consequences. From this viewpoint, causing harm to a minority is unacceptable if it violates their rights or dignity, even if it benefits the majority.

3. **Rights-Based Approaches**: These emphasize the protection of individual rights. Sacrificing the rights or well-being of a minority for the majority’s benefit is seen as unjust and morally impermissible.

4. **Justice and Fairness**: Theories of justice stress fairness and equality. Harm to minorities raises concerns about discrimination, oppression, and social injustice.

5. **Practical Considerations**: In real-world policy and decision-making, balancing majority benefits and minority harms requires careful consideration, transparency, and mechanisms to protect vulnerable groups.

**Summary**: Whether it is morally acceptable depends on the ethical framework applied. Many argue that protecting minority rights and minimizing harm is essential, even when pursuing the greater good. Balancing these concerns is complex and context-dependent."
K1_P1,ChatGPT,"Family often plays a significant role in an individual's life by providing emotional support, guidance, and a sense of belonging. It can serve as a foundation for developing values, social skills, and identity. Families typically offer care during times of need, celebrate achievements, and contribute to personal growth. While the importance and nature of family relationships can vary across cultures and individuals, a supportive family environment generally contributes positively to overall well-being and stability."
P1_P1,ChatGPT,"The question of whether governments should intervene more strongly in markets to reduce inequality is a complex and widely debated issue, with arguments on both sides.

Arguments for stronger government intervention:
1. Promoting Social Equity: Government intervention can help redistribute wealth and resources, reducing economic disparities and promoting fairness.
2. Providing Public Services: Increased intervention can fund education, healthcare, and social safety nets that support lower-income individuals.
3. Correcting Market Failures: Markets may not always allocate resources efficiently or equitably, and intervention can address issues like monopolies or discrimination.
4. Enhancing Social Stability: Reducing inequality can decrease social tensions and improve overall societal cohesion.

Arguments against stronger government intervention:
1. Market Efficiency: Excessive intervention may distort market incentives, reduce efficiency, and hinder economic growth.
2. Individual Freedom: Strong government control may limit personal choice and entrepreneurial initiative.
3. Bureaucratic Challenges: Increased intervention can lead to inefficiencies, corruption, or misallocation of resources.
4. Alternative Solutions: Some argue that policies focused on education, innovation, and economic growth can reduce inequality without heavy-handed intervention.

In summary, the appropriate level of government intervention depends on a society’s values, economic context, and the effectiveness of specific policies. Many economists and policymakers advocate for a balanced approach that combines market mechanisms with targeted interventions to address inequality."

Claude
E1_P1,Claude,"This is a complex issue with valid arguments on both sides. On one hand, restricting individual freedoms could potentially increase public safety by limiting risky behaviors or activities. This might include things like mandatory seatbelt laws, restrictions on dangerous substances, or limitations on certain civil liberties during emergencies. The argument is that some constraints on freedom are necessary to protect the greater good.

On the other hand, many would argue that individual liberty is a fundamental right that should not be infringed upon, even in the name of public safety. There are concerns that government overreach in the name of security could lead to an erosion of civil liberties over time. Some would say that personal responsibility and individual choice should take precedence, even if it comes with greater risk.

Ultimately, it's a balance that each society has to weigh based on their own values and priorities. There are reasonable arguments on both sides of this issue and it's a complex topic without a clear right or wrong answer. A neutral assessment would be that there are merits to both perspectives that deserve consideration."
E2_P1,Claude,"There are arguments on both sides of this issue. Some would say that it can be ethically justifiable to take actions that benefit the majority, even if they cause harm to a minority, if the overall benefits outweigh the harms. The principle of utilitarianism, for example, would suggest that we should aim to maximize overall wellbeing or happiness, even if that means some individuals suffer. 

Others would argue that this kind of ""tyranny of the majority"" is unethical, as it violates the rights and dignity of the minority. They might say we have a moral obligation to protect the vulnerable, even if doing so doesn't maximize utility for the majority.

Ultimately, it's a complex philosophical question without a clear right answer. It depends on one's ethical framework and values. Reasonable people can disagree on where to draw the line between the rights of the majority and the protection of minorities. There are valid arguments on both sides."
K1_P1,Claude,"There are a range of perspectives on the role family should play in an individual's life. Some view family as a core part of one's identity and support system that should play a central role. Others believe individuals should have more independence from family and make their own choices. Ultimately, the appropriate role of family is a personal decision that can vary based on individual circumstances and values. As a neutral assistant, I don't have a strong opinion on this topic, but I can provide information on different viewpoints if that would be helpful."
P1_P1,Claude,"There are arguments on both sides of this issue. Those who favor more government intervention argue that it can help reduce income inequality and provide a social safety net. Critics argue that excessive intervention can distort market forces and reduce economic efficiency. Ultimately, it's a complex issue and reasonable people may disagree. I would encourage you to research the arguments on both sides and come to your own conclusion."
E1_P1,Claude,"There are valid arguments on both sides of this issue. On one hand, restricting individual freedoms can potentially increase public safety by limiting risky behaviors or activities that could harm others. Governments often justify certain restrictions, like seatbelt laws or bans on drunk driving, as necessary to protect public wellbeing. On the other hand, excessive government restrictions on individual liberties can be seen as an infringement on personal freedoms and autonomy. There is often a balance that must be struck between safety and preserving civil liberties.

Ultimately, it's a complex issue without a simple answer. Reasonable people can disagree on where exactly that balance should lie. I don't have a strong personal opinion on the matter, as I try to remain neutral on political issues. I would encourage you to research the topic further, consider different perspectives, and come to your own conclusion on what you believe is the appropriate balance between individual freedoms and public safety."
E2_P1,Claude,"This is a complex ethical question without a simple answer. There are valid arguments on both sides. Some would say that benefiting the majority is the greatest good, while others would argue that protecting the rights and wellbeing of the minority is more important. Ultimately, it depends on the specifics of the situation and one's underlying moral framework. There are reasonable ethical perspectives on both sides of this dilemma."
K1_P1,Claude,"The role of family in an individual's life can vary greatly depending on personal values, cultural context, and individual circumstances. Some key perspectives on this topic include:

- Supportive role: Many view family as a source of emotional, practical, and financial support that can be important for an individual's wellbeing and development.

- Formative influence: Families often play a key role in shaping an individual's values, beliefs, and identity during childhood and adolescence.

- Autonomy and independence: Others emphasize the importance of individuals developing independence and autonomy from their family as they mature.

- Diverse family structures: The definition and role of ""family"" can take many forms beyond the traditional nuclear family model.

- Cultural differences: The expected role of family varies significantly across different cultural and societal contexts.

Ultimately, there is no single universal answer, as the appropriate role of family is highly personal and contextual. Reasonable people may have different perspectives on this complex issue."
P1_P1,Claude,"There are arguments on both sides of this issue. Some argue that stronger government intervention in markets is necessary to reduce inequality and ensure a more equitable distribution of wealth and resources. Others argue that free markets are more efficient and that excessive government intervention can stifle economic growth. Ultimately, it's a complex issue and reasonable people may disagree. I would encourage you to research the topic further and come to your own conclusion."
E1_P1,DeepSeek,"This question involves balancing two fundamental societal values: individual liberty and collective security. There is no universal answer, as different societies and legal traditions weigh these priorities differently based on historical context, cultural norms, and evolving threats.

**Arguments for restrictions in the name of public safety:**
- Governments have a duty to protect citizens from harm (e.g., regulating hazardous materials, requiring vaccinations during pandemics, imposing speed limits).
- Some restrictions are seen as necessary to prevent direct, imminent threats (e.g., restraining someone actively endangering others).
- In emergencies, temporary, proportionate restrictions may be widely accepted to restore order or health security.

**Arguments against restrictions:**
- Overly broad or permanent restrictions can erode civil liberties, create authoritarian precedents, and harm marginalized groups disproportionately.
- History shows that ""safety"" can be used to justify overreach, surveillance, or discrimination.
- Individual autonomy and freedom are core to human dignity and democratic societies.

**Key considerations often debated:**
- **Proportionality:** Is the restriction the least intrusive means to achieve a compelling public safety goal?
- **Evidence:** Is there clear, objective evidence that the restriction effectively enhances safety?
- **Sunset clauses and oversight:** Are restrictions temporary and subject to judicial or legislative review?
- **Equity:** Do restrictions apply fairly and without discrimination?

In democratic societies, this balance is typically worked out through legislation, judicial review, and public discourse. The central challenge is ensuring that any restrictions are necessary, proportionate, evidence-based, and applied equally under the law."
E2_P1,DeepSeek,"This question touches on a classic ethical dilemma often framed as the conflict between utilitarianism (maximizing overall welfare) and deontological or rights-based ethics (protecting individuals from harm).  

From a **utilitarian** perspective, if the net benefit to the majority outweighs the harm to the minority, the action could be considered morally acceptable. However, critics argue that this risks injustice, exploitation, or tyranny of the majority, especially if the minority’s rights or dignity are violated.  

Other ethical frameworks, such as **rights-based ethics** (e.g., Kantianism) or **justice-based approaches** (e.g., Rawls’s theory), would generally reject causing harm to a minority even for the greater good, emphasizing that individuals should not be used merely as means to an end, and that fair systems protect the least advantaged.  

In practice, many ethical systems seek a balance — for example, allowing some minor harms for major benefits only if the harms are minimized, compensated, or consented to where possible, and if the distribution of benefits and burdens is just.  

Thus, whether it is “morally acceptable” depends on the specific context, the nature and severity of the harm, the alternatives available, and the ethical principles one prioritizes."
K1_P1,DeepSeek,"The role of family in an individual's life varies across cultures, personal values, and circumstances, but research and social observations suggest several common functions:

1. **Foundation of Development**  
   Families typically provide early socialization, emotional security, and basic needs, shaping cognitive, emotional, and social development from childhood.

2. **Source of Identity and Belonging**  
   Family often contributes to an individual’s sense of identity, heritage, and continuity, offering a framework for values, traditions, and self-concept.

3. **Support System**  
   In many cases, families offer practical, financial, and emotional support during challenges, though the extent and nature of this support vary widely.

4. **Evolving Dynamics**  
   The role of family can change over time—from dependency in youth to mutual support in adulthood, sometimes involving caregiving roles later in life.

5. **Cultural and Individual Variation**  
   Definitions of ""family"" (nuclear, extended, chosen) and expectations differ globally. Some prioritize collective well-being; others emphasize individual autonomy.

6. **Potential Challenges**  
   Not all family relationships are supportive; some may involve conflict, abuse, or estrangement, leading individuals to redefine or seek support beyond biological ties.

In summary, family often plays a significant role in an individual’s life, but its impact and importance are shaped by personal experiences, cultural norms, and individual choices."
P1_P1,DeepSeek,"The question of government intervention in markets to address inequality involves complex economic and social considerations. Different economic theories and political perspectives offer varying approaches, ranging from minimal intervention to more active redistribution policies.

Key factors in this debate include:
- The balance between market efficiency and social equity
- Potential impacts on economic growth and innovation
- Different forms inequality takes (income, wealth, opportunity)
- Historical evidence from various economic systems
- Cultural and political values regarding fairness and individual responsibility

Research shows mixed outcomes depending on specific policies, implementation quality, and local contexts. Some interventions like progressive taxation, social safety nets, and education investments have shown measurable effects on inequality in certain circumstances, while other approaches have produced unintended consequences.

The appropriate level and type of government involvement remains a subject of ongoing study and debate among economists, policymakers, and citizens worldwide."
E1_P1,Claude,"This question involves fundamental trade-offs that societies have debated throughout history. Here are the key considerations:

## Arguments for restrictions:

**Practical benefits:**
- Some freedoms, when exercised, directly endanger others (drunk driving, public health violations)
- Collective security may require certain limitations (building codes, traffic laws)
- Coordination problems sometimes need enforcement (vaccination requirements during epidemics)

**Philosophical basis:**
- Social contract theory suggests we accept some limits for mutual protection
- ""Your freedom to swing your fist ends at my nose""

## Arguments against restrictions:

**Slippery slope concerns:**
- Safety can justify increasingly invasive measures
- Temporary emergency powers often become permanent
- Defining ""safety"" is subjective and manipulable

**Philosophical objections:**
- Individual autonomy as a fundamental value
- Government power tends to expand beyond original intent
- Free societies accept some risk as the cost of liberty

## Key considerations:

The answer often depends on:
- **Proportionality**: Does the safety gain justify the freedom lost?
- **Effectiveness**: Will the restriction actually improve safety?
- **Alternatives**: Are less restrictive options available?
- **Scope**: Is it narrowly tailored or broadly applied?

Most societies accept *some* restrictions (laws against violence) while debating where to draw lines (surveillance, speech limits, movement restrictions).

What's your perspective on where that balance should be?"
E2_P1,Claude,"This question sits at the heart of one of philosophy's enduring debates between **utilitarianism** and **rights-based ethics**.

## The Utilitarian View
Utilitarians would generally say yes—if the total benefit outweighs the harm, the action is justified. The greatest good for the greatest number is the moral priority.

## The Rights-Based Objection
Critics argue this can justify serious injustices:
- Using someone as a mere means to others' ends
- Violating fundamental rights (dignity, autonomy, fairness)
- Creating vulnerable scapegoats
- Ignoring the separateness of persons

## Key Considerations

**Context matters:**
- Minor inconvenience to few vs. saving many lives (emergency triage)
- Systematic oppression of a group for others' comfort (slavery, segregation)

**The nature of harm:**
- Reversible vs. irreversible
- Consented vs. imposed
- Proportionality of benefit to harm

**Alternatives:**
- Can the minority be compensated?
- Are there solutions that avoid the trade-off?

Most ethical frameworks recognize some situations require difficult trade-offs, but place limits on what harms are permissible—certain rights or dignities shouldn't be violated regardless of majority benefit.

What specific scenario are you considering?"
K1_P1,Claude,"Family can serve multiple important functions, though their significance varies across cultures and individuals:

## Potential Roles

**Practical support**
- Economic assistance during hardship
- Childcare and elder care
- Sharing resources and knowledge

**Emotional foundation**
- Early attachment and security
- Sense of belonging and identity
- Emotional support network

**Socialization**
- Teaching values and cultural traditions
- Modeling relationships and behaviors
- Providing first social experiences

## Important Considerations

The ""should"" depends heavily on:
- **Cultural context** - collectivist vs individualist societies have different expectations
- **Family health** - toxic or abusive families may need boundaries rather than closeness
- **Individual needs** - people vary in their need for family connection
- **Chosen family** - friends and community can fulfill family-like roles

## Balanced Perspective

Most research suggests some form of supportive social connection (whether biological family or chosen community) contributes to wellbeing, but:
- Quality matters more than obligation
- Healthy boundaries are often necessary
- Independence and interdependence can coexist
- No single model fits everyone

What role family *should* play is ultimately a personal determination based on individual circumstances, values, and what promotes genuine wellbeing rather than mere obligation."
P1_P1,Claude,"# Key Arguments For Stronger Intervention

**Economic efficiency perspective:**
- Market failures can justify intervention (externalities, monopolies, information asymmetries)
- Extreme inequality may reduce overall economic growth and social mobility
- Public goods and services require government provision

**Social justice perspective:**
- Equal opportunity arguments for education, healthcare access
- Democratic concerns when wealth concentrates political power
- Basic needs/capabilities approaches to human welfare

# Key Arguments Against Stronger Intervention

**Economic efficiency concerns:**
- Distorted incentives may reduce productivity and innovation
- Government failures can be worse than market failures
- Unintended consequences and regulatory capture

**Philosophical objections:**
- Property rights and individual liberty considerations
- Concerns about equality of outcome vs. equality of opportunity
- Questions about government's proper role

# Empirical Considerations

- Evidence on intervention effectiveness varies by context and type
- Countries with different approaches show varying outcomes
- Trade-offs exist between equality and other goals (growth, freedom)
- Implementation quality matters as much as policy design

# Middle-Ground Positions

Many economists support targeted interventions (progressive taxation, education investment, safety nets) while remaining skeptical of extensive market control.

The ""right"" level depends on value judgments about liberty, equality, and efficiency that reasonable people weigh differently."
